lock,dataset,axis,value,n_components,kl_weight,variant,seed,allocation_coherence,allocation_perplexity_mean,allocation_degenerate,edge_survival,separation_survival,reachability_survival,branch_knn_mean_r2,branch_distance_spearman
topic-transformer-prior-20260907,setty,alpha,0.1,10,,transformer,0,,1.0000000033272252,True,0.42271960384758656,0.6430410360430644,1.0,,0.416105039202815
topic-transformer-prior-20260907,setty,alpha,0.5,10,,transformer,0,0.8142642755415453,1.1588882084902596,False,0.26751348700843425,0.6380870650647527,1.0,-0.10269374489757688,0.4212977530574932
topic-transformer-prior-20260907,setty,alpha,1.0,10,,transformer,0,0.8217127051496569,1.6297667041850668,False,0.28288880803358785,0.7066234982056483,0.8413363028953229,0.20175862078936987,0.4250147566633056
topic-transformer-prior-20260907,setty,alpha,2.0,10,,transformer,0,0.8013493235267337,2.3881659427915545,False,0.2592395943959217,0.6237322515212982,1.0,-0.2808237511341757,0.4423102614804696
topic-transformer-prior-20260907,setty,alpha,5.0,10,,transformer,0,0.7731743727068925,5.327508136627842,False,0.22301658587602952,0.5475893275081916,1.0,0.03490444822041647,0.4023069491502749
topic-transformer-prior-20260907,setty,control,0.0,10,,transformer,0,,,False,0.6408727099715069,0.9407083788422531,1.0,0.475544134251303,0.6215378089327134
topic-transformer-prior-20260907,setty,alpha,0.1,10,,transformer,1,,1.0000000152974342,True,0.47004277356771945,0.7487517553440475,1.0,,0.42552058748243676
topic-transformer-prior-20260907,setty,alpha,0.5,10,,transformer,1,0.8114321468382408,1.1990991301120026,False,0.2968128916706485,0.6613356217818692,1.0,0.1589877776826804,0.38608109528003615
topic-transformer-prior-20260907,setty,alpha,1.0,10,,transformer,1,0.8158414022284554,1.6088128195871163,False,0.2905237985099083,0.7120065532844437,0.8376639445681762,0.37697818395967253,0.41908181455458604
topic-transformer-prior-20260907,setty,alpha,2.0,10,,transformer,1,0.8125996365108903,2.457816951979203,False,0.26611067930826315,0.6234591980028086,1.0,0.1570936899978472,0.44127676920612174
topic-transformer-prior-20260907,setty,alpha,5.0,10,,transformer,1,0.7630178146858113,5.126742083434724,False,0.23937101719446843,0.529684818224372,1.0,0.20336585266336585,0.37454085808215415
topic-transformer-prior-20260907,setty,control,0.0,10,,transformer,1,,,False,0.6510489149317783,0.9086831018879701,1.0,0.8142471373201199,0.6364931373049478
topic-transformer-prior-20260907,setty,alpha,0.1,10,,transformer,2,,1.0000000083659446,True,0.388269539571058,0.612342019035731,1.0,,0.4227474843518538
topic-transformer-prior-20260907,setty,alpha,0.5,10,,transformer,2,0.8213591845883158,1.198583778544472,False,0.3056518578345028,0.7224606022780465,0.8376639445681762,0.2342229281197087,0.4051827973407023
topic-transformer-prior-20260907,setty,alpha,1.0,10,,transformer,2,0.7986232234174295,1.7576446809415975,False,0.3900526876222005,0.7242939616164769,0.8376639445681762,0.4552039478013919,0.5147033435691946
topic-transformer-prior-20260907,setty,alpha,2.0,10,,transformer,2,0.8171030358103829,2.577649595237103,False,0.27272026861973114,0.7068965517241379,0.8376639445681762,0.22881415389058496,0.44888942320322645
topic-transformer-prior-20260907,setty,alpha,5.0,10,,transformer,2,0.7712768848412394,4.742823012365125,False,0.24233686646242822,0.5291387111873928,1.0,-0.16985499416435185,0.4091511698180494
topic-transformer-prior-20260907,setty,control,0.0,10,,transformer,2,,,False,0.6352248077302308,0.8728740833203308,1.0,0.6921362373987192,0.5979358385350931
topic-transformer-prior-20260907,endo,alpha,0.1,10,,transformer,0,,1.0577636140662012,False,0.4488118704952466,0.7429901105293776,1.0,,
topic-transformer-prior-20260907,endo,alpha,0.5,10,,transformer,0,0.921119129433789,1.314577523901951,False,0.5154481478310906,0.8667830133798721,1.0,,
topic-transformer-prior-20260907,endo,alpha,1.0,10,,transformer,0,0.9344767844728641,1.7978506232050542,False,0.49859935334370614,0.8272251308900523,1.0,,
topic-transformer-prior-20260907,endo,alpha,2.0,10,,transformer,0,0.9031126935360059,4.052377317335996,False,0.549118618387816,0.9990692262943572,1.0,,
topic-transformer-prior-20260907,endo,alpha,5.0,10,,transformer,0,0.8018194126480859,8.202080330946144,False,0.5295451265141169,0.9093659104130308,1.0,,
topic-transformer-prior-20260907,endo,control,0.0,10,,transformer,0,,,False,0.6839939379808813,1.0,1.0,,
topic-transformer-prior-20260907,endo,alpha,0.1,10,,transformer,1,,1.065741263600014,False,0.4707185602149464,0.997673065735893,0.5509324492333195,,
topic-transformer-prior-20260907,endo,alpha,0.5,10,,transformer,1,0.9104355710734944,1.3257128964104994,False,0.5351747013381426,1.0,1.0,,
topic-transformer-prior-20260907,endo,alpha,1.0,10,,transformer,1,0.7849628260086493,2.2687814045040446,False,0.5414916325093523,0.9867364746945899,1.0,,
topic-transformer-prior-20260907,endo,alpha,2.0,10,,transformer,1,0.7184710521491738,4.191953365547685,False,0.5544049646113064,0.99173938336242,1.0,,
topic-transformer-prior-20260907,endo,alpha,5.0,10,,transformer,1,0.8398572888628124,7.916813493499019,False,0.5543207783123848,1.0,1.0,,
topic-transformer-prior-20260907,endo,control,0.0,10,,transformer,1,,,False,0.6875184580710344,1.0,1.0,,
topic-transformer-prior-20260907,endo,alpha,0.1,10,,transformer,2,,1.138106278841902,False,0.47664446509165553,1.0,0.5213427268959802,,
topic-transformer-prior-20260907,endo,alpha,0.5,10,,transformer,2,0.8890625888820369,1.5286311948670082,False,0.5514258082659808,0.9997673065735893,1.0,,
topic-transformer-prior-20260907,endo,alpha,1.0,10,,transformer,2,0.9454698272864152,1.7139655880218223,False,0.44520811663501364,0.8020942408376963,1.0,,
topic-transformer-prior-20260907,endo,alpha,2.0,10,,transformer,2,0.8263987482011578,3.7671199155691646,False,0.5039203439238412,0.8408376963350785,1.0,,
topic-transformer-prior-20260907,endo,alpha,5.0,10,,transformer,2,0.799222096980509,7.878964382052955,False,0.49432957718688664,0.9532286212914485,1.0,,
topic-transformer-prior-20260907,endo,control,0.0,10,,transformer,2,,,False,0.7002836714074764,1.0,1.0,,
topic-transformer-prior-20260907,dentate,alpha,0.1,10,,transformer,0,0.9580455970703196,1.06669461799439,False,0.4653009402188047,0.8221330161562097,1.0,,
topic-transformer-prior-20260907,dentate,alpha,0.5,10,,transformer,0,0.9514167618804242,1.1771208113081104,False,0.4031855966022875,0.8061254831995243,1.0,,
topic-transformer-prior-20260907,dentate,alpha,1.0,10,,transformer,0,0.945217280662629,1.7103455047071736,False,0.4020209566566722,0.8102388740212112,1.0,,
topic-transformer-prior-20260907,dentate,alpha,2.0,10,,transformer,0,0.9477873649220876,2.6881897127064724,False,0.40587821471560187,0.7891267717315888,1.0,,
topic-transformer-prior-20260907,dentate,alpha,5.0,10,,transformer,0,0.9407399234834323,5.502225091021347,False,0.4008481849522363,0.7252948756070968,1.0,,
topic-transformer-prior-20260907,dentate,control,0.0,10,,transformer,0,,,False,0.7148252990450116,0.8970661116067004,1.0,,
topic-transformer-prior-20260907,dentate,alpha,0.1,10,,transformer,1,0.9277720558838037,1.557121965674891,False,0.41619576775037814,0.9088115769650114,1.0,,
topic-transformer-prior-20260907,dentate,alpha,0.5,10,,transformer,1,0.9515548886506956,1.2375523631327618,False,0.4121909389868768,0.7807513133115274,1.0,,
topic-transformer-prior-20260907,dentate,alpha,1.0,10,,transformer,1,0.9422566210819777,1.718014257969126,False,0.4171652186057082,0.8076122509663991,1.0,,
topic-transformer-prior-20260907,dentate,alpha,2.0,10,,transformer,1,0.9518293628771087,2.726538627563223,False,0.4119851512816188,0.8225790464862722,1.0,,
topic-transformer-prior-20260907,dentate,alpha,5.0,10,,transformer,1,0.9160169554258326,6.622527209131552,False,0.5050460405439872,0.8270393497868966,1.0,,
topic-transformer-prior-20260907,dentate,control,0.0,10,,transformer,1,,,False,0.718857110263681,0.9393894340370701,1.0,,
topic-transformer-prior-20260907,dentate,alpha,0.1,10,,transformer,2,0.9457198099166617,1.044966584749646,False,0.4854325072600227,0.8501338090990187,1.0,,
topic-transformer-prior-20260907,dentate,alpha,0.5,10,,transformer,2,0.9390438146488664,1.2678302819178213,False,0.4504667532891986,0.77921498661909,1.0,,
topic-transformer-prior-20260907,dentate,alpha,1.0,10,,transformer,2,0.93598650731656,1.8798503955353463,False,0.4871457105790962,0.73966696402022,1.0,,
topic-transformer-prior-20260907,dentate,alpha,2.0,10,,transformer,2,0.9498258098056426,2.6525536291747316,False,0.4163055684810311,0.7635543661413421,1.0,,
topic-transformer-prior-20260907,dentate,alpha,5.0,10,,transformer,2,0.9245437053869449,6.820602550659612,False,0.5302725229367939,0.8084547527009615,1.0,,
topic-transformer-prior-20260907,dentate,control,0.0,10,,transformer,2,,,False,0.7172567712916789,0.9054415700267618,1.0,,
topic-transformer-prior-20260907,lung,alpha,0.1,10,,transformer,0,0.5769240430713203,1.222151371121413,False,0.3412140748691129,0.5622312761683033,1.0,,
topic-transformer-prior-20260907,lung,alpha,0.5,10,,transformer,0,0.5953023516424878,1.5706104976630797,False,0.3773759813430114,0.6541559490058392,1.0,,
topic-transformer-prior-20260907,lung,alpha,1.0,10,,transformer,0,0.6063251981464728,2.50552154175616,False,0.40144777993193076,0.6314188618313588,1.0,,
topic-transformer-prior-20260907,lung,alpha,2.0,10,,transformer,0,,3.7305749990690056,False,0.41272770353105065,0.6215241921856518,1.0,,
topic-transformer-prior-20260907,lung,alpha,5.0,10,,transformer,0,,6.547332822474196,False,0.3955303113820622,0.6438857700756652,1.0,,
topic-transformer-prior-20260907,lung,control,0.0,10,,transformer,0,,,False,0.6312437282332802,0.8895814949024614,1.0,,
topic-transformer-prior-20260907,lung,alpha,0.1,10,,transformer,1,0.5731054892696054,1.305282629433358,False,0.3465215706317176,0.5451831546534988,1.0,,
topic-transformer-prior-20260907,lung,alpha,0.5,10,,transformer,1,0.5149818340058818,1.8129345388002145,False,0.3665018787827368,0.6270254032030942,1.0,,
topic-transformer-prior-20260907,lung,alpha,1.0,10,,transformer,1,0.5344314357070394,2.7245282519769467,False,0.3842133113476264,0.5837667336324891,1.0,,
topic-transformer-prior-20260907,lung,alpha,2.0,10,,transformer,1,,4.324855073678595,False,0.4040358928072602,0.7004186928521807,1.0,,
topic-transformer-prior-20260907,lung,alpha,5.0,10,,transformer,1,,6.228885865659691,False,0.38304371543611077,0.6173184881996208,1.0,,
topic-transformer-prior-20260907,lung,control,0.0,10,,transformer,1,,,False,0.6313322708222655,0.8699048083963876,1.0,,
topic-transformer-prior-20260907,lung,alpha,0.1,10,,transformer,2,0.5333923030681935,1.0739483042334947,False,0.3912712142745789,0.623345412215317,1.0,,
topic-transformer-prior-20260907,lung,alpha,0.5,10,,transformer,2,0.5538202209013527,1.7309064070062554,False,0.42908840417493876,0.6599387919866319,1.0,,
topic-transformer-prior-20260907,lung,alpha,1.0,10,,transformer,2,0.5840409765702312,2.7321741842986556,False,0.43742844451794405,0.6703403991663693,1.0,,
topic-transformer-prior-20260907,lung,alpha,2.0,10,,transformer,2,,3.9455709274568966,False,0.434652085478917,0.6697771352396688,1.0,,
topic-transformer-prior-20260907,lung,alpha,5.0,10,,transformer,2,,6.426985231547854,False,0.4213492692105203,0.6630742945119318,1.0,,
topic-transformer-prior-20260907,lung,control,0.0,10,,transformer,2,,,False,0.6321940853550558,0.8647040048065189,1.0,,
topic-transformer-alpha0p1-400ep-setty-20260908,setty,alpha,0.1,10,0.01,transformer,0,,1.0000000109275868,True,0.42798867196914925,0.6529879856451865,1.0,,0.45188810944789143
topic-transformer-alpha0p1-400ep-setty-20260908,setty,control,0.0,10,0.01,transformer,0,,,False,0.6453629457376252,0.8966297394289281,1.0,0.6258216268728485,0.6070150455771448
topic-transformer-alpha0p1-400ep-setty-20260908,setty,alpha,0.1,10,0.01,transformer,1,,1.000000008386611,True,0.46421223389770033,0.7770322983304728,1.0,,0.45186593562859995
topic-transformer-alpha0p1-400ep-setty-20260908,setty,control,0.0,10,0.01,transformer,1,,,False,0.6615616969196145,0.9146902792947418,1.0,0.7973287148202088,0.5733496738205857
topic-transformer-alpha0p1-400ep-setty-20260908,setty,alpha,0.1,10,0.01,transformer,2,,1.0000000143930363,True,0.3194129502816427,0.6116008737712592,1.0,,0.24005959591097575
topic-transformer-alpha0p1-400ep-setty-20260908,setty,control,0.0,10,0.01,transformer,2,,,False,0.6404642958872894,0.894289280699017,1.0,0.7654656350742391,0.6200425544131347
topic-variants-400ep-setty-20260907,setty,alpha,1.0,10,,transformer,0,0.8042831495511541,2.1842650194624027,False,0.41669530758467854,0.7854189421126541,0.8376639445681762,0.6052524879430928,0.45181562590347163
topic-variants-400ep-setty-20260907,setty,control,0.0,10,,transformer,0,,,False,0.6453629457376252,0.8966297394289281,1.0,0.6258216268728485,0.6070150455771448
topic-variants-400ep-setty-20260907,setty,alpha,1.0,10,,transformer,1,0.8081829758740702,2.180495793215534,False,0.40611303615642014,0.7897097831174911,0.8376639445681762,0.33029867844974875,0.44943644739934113
topic-variants-400ep-setty-20260907,setty,control,0.0,10,,transformer,1,,,False,0.6615616969196145,0.9146902792947418,1.0,0.7973287148202088,0.5733496738205857
topic-variants-400ep-setty-20260907,setty,alpha,1.0,10,,transformer,2,0.8022650010060646,2.453823047590511,False,0.4826534636729865,0.7104852551100016,0.8376639445681762,0.3040987055443194,0.5949762433784206
topic-variants-400ep-setty-20260907,setty,control,0.0,10,,transformer,2,,,False,0.6404642958872894,0.894289280699017,1.0,0.7654656350742391,0.6200425544131347
topic-variants-alpha-1000ep-fourbg-20260908,setty,alpha,0.1,10,0.01,transformer,0,,1.000000010182718,True,0.42506530594838393,0.6464347012014355,1.0,,0.3799625167796645
topic-variants-alpha-1000ep-fourbg-20260908,setty,alpha,1.0,10,0.01,transformer,0,0.7857228242071299,5.417200515808225,False,0.5731119460635336,0.7697768762677485,1.0,0.554359402856172,0.6128875405869003
topic-variants-alpha-1000ep-fourbg-20260908,setty,alpha,5.0,10,0.01,transformer,0,0.8283281062822776,8.743724001916881,False,0.5681639762984665,0.8526681229520986,0.8376639445681762,0.4683749121408539,0.715513889745871
topic-variants-alpha-1000ep-fourbg-20260908,setty,control,0.0,10,0.01,transformer,0,,,False,0.6517299655142289,0.8779060695896396,1.0,0.7524086176064324,0.6115670030537689
topic-variants-alpha-1000ep-fourbg-20260908,setty,alpha,0.1,10,0.01,transformer,1,,1.0000000073113309,True,0.4596059760918763,0.7344359494460915,1.0,,0.3893089698149185
topic-variants-alpha-1000ep-fourbg-20260908,setty,alpha,1.0,10,0.01,transformer,1,0.8089827948900026,4.880035667245965,False,0.5765984193833731,0.8562178186924637,1.0,0.5957678438117728,0.6994605165737942
topic-variants-alpha-1000ep-fourbg-20260908,setty,alpha,5.0,10,0.01,transformer,1,0.8218697367915299,8.771924939764899,False,0.5685660447048733,0.8359338430332345,1.0,0.5656851146942685,0.693805322591509
topic-variants-alpha-1000ep-fourbg-20260908,setty,control,0.0,10,0.01,transformer,1,,,False,0.6518834925017137,0.9925495397097831,0.8376639445681762,0.7786956852712643,0.6005655434797158
topic-variants-alpha-1000ep-fourbg-20260908,setty,alpha,0.1,10,0.01,transformer,2,,1.0000000138453535,True,0.3711463239317706,0.6393353097207053,1.0,,0.35971994577480215
topic-variants-alpha-1000ep-fourbg-20260908,setty,alpha,1.0,10,0.01,transformer,2,0.7986870816256123,5.108431315196903,False,0.5705176963311455,0.9000624122327976,0.8376639445681762,0.6351147666578467,0.6691077648068546
topic-variants-alpha-1000ep-fourbg-20260908,setty,alpha,5.0,10,0.01,transformer,2,0.799945692370992,8.90708906692545,False,0.546493443890407,0.7705180215322203,1.0,0.36503707484663,0.6432677518521482
topic-variants-alpha-1000ep-fourbg-20260908,setty,control,0.0,10,0.01,transformer,2,,,False,0.640480337931531,0.9047433296926197,1.0,0.7637414773482673,0.6255899808372716
topic-variants-alpha-1000ep-fourbg-20260908,dentate,alpha,0.1,10,0.01,transformer,0,0.9037189808151995,1.000000008890012,False,0.31227270180470845,0.9433045891565071,0.5606632021776788,,
topic-variants-alpha-1000ep-fourbg-20260908,dentate,alpha,1.0,10,0.01,transformer,0,0.8437678492785309,3.540037970029702,False,0.5965714937583521,0.8231737535930221,1.0,,
topic-variants-alpha-1000ep-fourbg-20260908,dentate,alpha,5.0,10,0.01,transformer,0,0.8782845607209748,7.372621564665323,False,0.598284561662385,0.9190207156308852,1.0,,
topic-variants-alpha-1000ep-fourbg-20260908,dentate,control,0.0,10,0.01,transformer,0,,,False,0.7205910824288648,0.9219942511646347,1.0,,
topic-variants-alpha-1000ep-fourbg-20260908,dentate,alpha,0.1,10,0.01,transformer,1,0.8612363478323946,1.0000371720208114,False,0.3633734554417751,0.9511348993953811,0.44951249690670625,,
topic-variants-alpha-1000ep-fourbg-20260908,dentate,alpha,1.0,10,0.01,transformer,1,0.8586718023645279,3.205381578092149,False,0.5925596830730301,0.8968183169788879,1.0,,
topic-variants-alpha-1000ep-fourbg-20260908,dentate,alpha,5.0,10,0.01,transformer,1,0.8883516516195616,7.331117246896246,False,0.6125252969708822,0.9025671523441372,1.0,,
topic-variants-alpha-1000ep-fourbg-20260908,dentate,control,0.0,10,0.01,transformer,1,,,False,0.7237418108927349,0.9365150163544455,1.0,,
topic-variants-alpha-1000ep-fourbg-20260908,dentate,alpha,0.1,10,0.01,transformer,2,0.9411907273498094,1.0000000085531653,False,0.406476954109062,0.9505401922886312,0.5844988864142538,,
topic-variants-alpha-1000ep-fourbg-20260908,dentate,alpha,1.0,10,0.01,transformer,2,0.8500633401370434,3.4771125910558016,False,0.5762533149032123,0.9077212806026366,0.9312645384805741,,
topic-variants-alpha-1000ep-fourbg-20260908,dentate,alpha,5.0,10,0.01,transformer,2,0.8824277318001614,7.355653792801171,False,0.619665850348602,0.9501437208841312,1.0,,
topic-variants-alpha-1000ep-fourbg-20260908,dentate,control,0.0,10,0.01,transformer,2,,,False,0.7294397183924904,0.9215977797601348,1.0,,
topic-variants-alpha-1000ep-fourbg-20260908,endo,alpha,0.1,10,0.01,transformer,0,,1.0000000179393933,True,0.3319546077826036,0.8472367655613728,1.0,,
topic-variants-alpha-1000ep-fourbg-20260908,endo,alpha,1.0,10,0.01,transformer,0,0.8135332968390588,3.696222954986901,False,0.5896738426465636,0.972542175683537,1.0,,
topic-variants-alpha-1000ep-fourbg-20260908,endo,alpha,5.0,10,0.01,transformer,0,0.8572903595201384,7.30228530335043,False,0.614442723541581,0.9826643397324025,1.0,,
topic-variants-alpha-1000ep-fourbg-20260908,endo,control,0.0,10,0.01,transformer,0,,,False,0.6804966192585683,1.0,1.0,,
topic-variants-alpha-1000ep-fourbg-20260908,endo,alpha,0.1,10,0.01,transformer,1,,1.0016462428440471,False,0.36970097808182956,0.9962769051774287,0.42486531288852053,,
topic-variants-alpha-1000ep-fourbg-20260908,endo,alpha,1.0,10,0.01,transformer,1,0.7597846462778111,3.4652315460530727,False,0.6372900220941722,0.9969749854566609,1.0,,
topic-variants-alpha-1000ep-fourbg-20260908,endo,alpha,5.0,10,0.01,transformer,1,0.8503745379995192,7.355654570540465,False,0.6108872086955557,1.0,1.0,,
topic-variants-alpha-1000ep-fourbg-20260908,endo,control,0.0,10,0.01,transformer,1,,,False,0.6936154503769333,1.0,1.0,,
topic-variants-alpha-1000ep-fourbg-20260908,endo,alpha,0.1,10,0.01,transformer,2,,1.0000000144802048,False,0.4642420201233444,1.0,0.5260395082193673,,
topic-variants-alpha-1000ep-fourbg-20260908,endo,alpha,1.0,10,0.01,transformer,2,0.8128269645350378,3.7308737876977474,False,0.578333370341997,1.0,1.0,,
topic-variants-alpha-1000ep-fourbg-20260908,endo,alpha,5.0,10,0.01,transformer,2,0.8505392887847847,7.558570436033454,False,0.5915192796633693,1.0,1.0,,
topic-variants-alpha-1000ep-fourbg-20260908,endo,control,0.0,10,0.01,transformer,2,,,False,0.7019701562135696,1.0,1.0,,
topic-variants-alpha-1000ep-fourbg-20260908,lung,alpha,0.1,10,0.01,transformer,0,0.530802292547129,1.0064174533845425,False,0.31882647339084386,0.868703178686093,0.4969265033407572,,
topic-variants-alpha-1000ep-fourbg-20260908,lung,alpha,1.0,10,0.01,transformer,0,0.6033072264806645,3.235703006855824,False,0.4930551056679975,0.7378006421208765,1.0,,
topic-variants-alpha-1000ep-fourbg-20260908,lung,alpha,5.0,10,0.01,transformer,0,0.6171337121794758,6.263712860176855,False,0.48650108082107374,0.7235688402395749,1.0,,
topic-variants-alpha-1000ep-fourbg-20260908,lung,control,0.0,10,0.01,transformer,0,,,False,0.6384392892981524,0.8785790728675766,1.0,,
topic-variants-alpha-1000ep-fourbg-20260908,lung,alpha,0.1,10,0.01,transformer,1,0.5896722813425617,1.1299783780060193,False,0.4013986672477906,0.6779632376410507,0.9312645384805741,,
topic-variants-alpha-1000ep-fourbg-20260908,lung,alpha,1.0,10,0.01,transformer,1,0.601185187926172,3.1646579701806665,False,0.49733453931700794,0.6491053491297573,1.0,,
topic-variants-alpha-1000ep-fourbg-20260908,lung,alpha,5.0,10,0.01,transformer,1,0.6153925682352828,6.238178593820109,False,0.4888185575320337,0.6509453446236458,1.0,,
topic-variants-alpha-1000ep-fourbg-20260908,lung,control,0.0,10,0.01,transformer,1,,,False,0.635460041994485,0.8760256097332006,1.0,,
topic-variants-alpha-1000ep-fourbg-20260908,lung,alpha,0.1,10,0.01,transformer,2,0.512199625765998,1.012032915960704,False,0.30676261591349246,0.8307955164191435,0.43183370452858205,,
topic-variants-alpha-1000ep-fourbg-20260908,lung,alpha,1.0,10,0.01,transformer,2,0.603711280837012,2.955329865636153,False,0.49731037266454303,0.7118341750999794,1.0,,
topic-variants-alpha-1000ep-fourbg-20260908,lung,alpha,5.0,10,0.01,transformer,2,0.613416006066301,6.226774183552453,False,0.4940235860591802,0.7170725296182948,1.0,,
topic-variants-alpha-1000ep-fourbg-20260908,lung,control,0.0,10,0.01,transformer,2,,,False,0.6350451567203825,0.8599162614295639,1.0,,
