x,y,label,lane,dose,seed
4.7093,12.056709,0,topic-transformer,alpha=1,2
5.6254025,7.0518517,4,topic-transformer,alpha=1,2
10.670498,6.572502,0,topic-transformer,alpha=1,2
5.804894,11.721499,0,topic-transformer,alpha=1,2
5.552055,6.9783587,2,topic-transformer,alpha=1,2
10.514505,5.450239,7,topic-transformer,alpha=1,2
7.1579223,11.591811,7,topic-transformer,alpha=1,2
8.2770195,7.6157556,5,topic-transformer,alpha=1,2
-7.993645,8.82297,1,topic-transformer,alpha=1,2
-7.9760633,8.844934,1,topic-transformer,alpha=1,2
1.5129678,8.169151,8,topic-transformer,alpha=1,2
7.6662602,11.149603,7,topic-transformer,alpha=1,2
4.927122,12.202668,5,topic-transformer,alpha=1,2
0.8164332,8.039259,6,topic-transformer,alpha=1,2
-2.8769884,3.9423265,4,topic-transformer,alpha=1,2
13.125786,1.8619176,9,topic-transformer,alpha=1,2
-0.60298425,4.9895253,2,topic-transformer,alpha=1,2
-0.9669175,4.9551563,2,topic-transformer,alpha=1,2
0.8180522,7.7528043,8,topic-transformer,alpha=1,2
4.2356386,11.747773,5,topic-transformer,alpha=1,2
1.5678247,8.348895,8,topic-transformer,alpha=1,2
9.754113,8.052984,0,topic-transformer,alpha=1,2
6.6947894,12.249999,7,topic-transformer,alpha=1,2
13.863685,1.5883504,9,topic-transformer,alpha=1,2
-3.5097847,3.844564,4,topic-transformer,alpha=1,2
0.76753503,7.7230244,2,topic-transformer,alpha=1,2
2.056897,9.2905245,7,topic-transformer,alpha=1,2
7.2730713,7.4768395,4,topic-transformer,alpha=1,2
10.396228,7.144138,5,topic-transformer,alpha=1,2
2.302883,9.600175,7,topic-transformer,alpha=1,2
7.0614247,11.864776,7,topic-transformer,alpha=1,2
5.590624,12.612505,7,topic-transformer,alpha=1,2
10.794318,5.151969,0,topic-transformer,alpha=1,2
10.12846,7.6353416,0,topic-transformer,alpha=1,2
6.4915495,11.495248,0,topic-transformer,alpha=1,2
-2.4203403,4.5246487,2,topic-transformer,alpha=1,2
2.999909,10.027731,8,topic-transformer,alpha=1,2
11.44397,3.2070098,9,topic-transformer,alpha=1,2
3.277739,11.018051,5,topic-transformer,alpha=1,2
-2.6079752,3.915562,4,topic-transformer,alpha=1,2
4.019818,11.512508,7,topic-transformer,alpha=1,2
9.592022,6.2101784,6,topic-transformer,alpha=1,2
5.7447667,7.152201,2,topic-transformer,alpha=1,2
5.4153075,12.083893,0,topic-transformer,alpha=1,2
10.440061,5.484666,5,topic-transformer,alpha=1,2
0.76540583,7.8453445,2,topic-transformer,alpha=1,2
9.388251,7.422602,0,topic-transformer,alpha=1,2
11.371209,3.900439,6,topic-transformer,alpha=1,2
9.568193,7.204518,0,topic-transformer,alpha=1,2
-3.1449366,3.8796706,4,topic-transformer,alpha=1,2
11.561469,3.67149,6,topic-transformer,alpha=1,2
7.7627625,7.533576,5,topic-transformer,alpha=1,2
9.970625,7.185344,5,topic-transformer,alpha=1,2
6.7986236,8.034387,5,topic-transformer,alpha=1,2
4.9545846,12.383386,7,topic-transformer,alpha=1,2
11.421949,4.0516706,6,topic-transformer,alpha=1,2
11.7027235,3.6296911,6,topic-transformer,alpha=1,2
-3.8688436,3.9185748,4,topic-transformer,alpha=1,2
-2.088854,4.1188755,4,topic-transformer,alpha=1,2
7.7154045,11.031806,0,topic-transformer,alpha=1,2
9.518451,6.348332,6,topic-transformer,alpha=1,2
-0.745908,5.047521,2,topic-transformer,alpha=1,2
-2.2173128,4.058619,4,topic-transformer,alpha=1,2
6.2348332,12.350189,0,topic-transformer,alpha=1,2
-1.0566361,4.7236786,4,topic-transformer,alpha=1,2
5.5013704,12.604827,7,topic-transformer,alpha=1,2
10.11654,7.4803376,0,topic-transformer,alpha=1,2
11.729757,3.7737696,6,topic-transformer,alpha=1,2
6.4662213,12.409444,0,topic-transformer,alpha=1,2
-3.6227162,3.8355513,4,topic-transformer,alpha=1,2
12.333152,2.3485768,9,topic-transformer,alpha=1,2
1.6057429,6.7551174,8,topic-transformer,alpha=1,2
4.585531,11.950008,7,topic-transformer,alpha=1,2
-7.999374,8.823594,1,topic-transformer,alpha=1,2
-7.8391113,9.79611,1,topic-transformer,alpha=1,2
4.0450096,11.202356,0,topic-transformer,alpha=1,2
13.647682,1.7026215,9,topic-transformer,alpha=1,2
13.316251,1.7584064,9,topic-transformer,alpha=1,2
6.506959,12.4609585,5,topic-transformer,alpha=1,2
-0.26304528,5.2378464,2,topic-transformer,alpha=1,2
4.179588,11.704512,7,topic-transformer,alpha=1,2
0.76602244,-1.3356522,3,topic-transformer,alpha=1,2
-3.7776244,3.8515046,4,topic-transformer,alpha=1,2
6.6233397,12.277412,7,topic-transformer,alpha=1,2
10.725392,5.107154,0,topic-transformer,alpha=1,2
0.78568596,7.9565644,3,topic-transformer,alpha=1,2
10.447423,6.143492,0,topic-transformer,alpha=1,2
3.1231327,10.072154,8,topic-transformer,alpha=1,2
-3.7467597,3.8414578,4,topic-transformer,alpha=1,2
13.766193,1.6759921,9,topic-transformer,alpha=1,2
10.667886,5.226298,7,topic-transformer,alpha=1,2
11.70989,4.10744,6,topic-transformer,alpha=1,2
6.266185,11.694238,0,topic-transformer,alpha=1,2
13.903627,1.5464346,9,topic-transformer,alpha=1,2
1.4761189,7.20079,8,topic-transformer,alpha=1,2
9.593476,6.4884763,5,topic-transformer,alpha=1,2
-7.731417,10.291354,1,topic-transformer,alpha=1,2
0.82812065,8.129171,6,topic-transformer,alpha=1,2
1.6429069,6.6956244,8,topic-transformer,alpha=1,2
10.955994,3.1505735,9,topic-transformer,alpha=1,2
-0.552946,5.111966,2,topic-transformer,alpha=1,2
-7.949076,9.126057,1,topic-transformer,alpha=1,2
-0.85534555,4.7304254,4,topic-transformer,alpha=1,2
3.249627,10.8928385,7,topic-transformer,alpha=1,2
6.0059905,12.347931,7,topic-transformer,alpha=1,2
11.158837,3.0716,9,topic-transformer,alpha=1,2
11.732036,3.0308566,9,topic-transformer,alpha=1,2
10.557782,6.369489,0,topic-transformer,alpha=1,2
11.711956,3.6179276,6,topic-transformer,alpha=1,2
1.65649,6.684888,8,topic-transformer,alpha=1,2
10.89564,3.86303,7,topic-transformer,alpha=1,2
-7.871498,9.73831,1,topic-transformer,alpha=1,2
11.718391,3.8108823,6,topic-transformer,alpha=1,2
0.8580623,8.082148,6,topic-transformer,alpha=1,2
10.523461,5.67136,0,topic-transformer,alpha=1,2
13.869967,1.4704595,9,topic-transformer,alpha=1,2
11.644988,4.254234,6,topic-transformer,alpha=1,2
9.359417,7.6960974,5,topic-transformer,alpha=1,2
2.0837123,9.3497305,7,topic-transformer,alpha=1,2
4.0725017,11.1268,7,topic-transformer,alpha=1,2
9.627439,6.9076657,5,topic-transformer,alpha=1,2
1.6941371,6.6229525,8,topic-transformer,alpha=1,2
10.61697,6.714137,0,topic-transformer,alpha=1,2
2.6323373,9.962837,7,topic-transformer,alpha=1,2
6.8363814,7.891688,6,topic-transformer,alpha=1,2
8.001795,10.811368,7,topic-transformer,alpha=1,2
13.727715,1.6446422,9,topic-transformer,alpha=1,2
4.455686,9.812312,6,topic-transformer,alpha=1,2
1.4829214,7.0843654,8,topic-transformer,alpha=1,2
3.9711936,11.497768,7,topic-transformer,alpha=1,2
-1.7878047,4.394518,2,topic-transformer,alpha=1,2
2.4089417,9.667268,8,topic-transformer,alpha=1,2
10.981352,3.1620393,9,topic-transformer,alpha=1,2
5.5827856,7.0282006,2,topic-transformer,alpha=1,2
13.661115,1.6821102,9,topic-transformer,alpha=1,2
4.73251,12.213673,7,topic-transformer,alpha=1,2
3.1242518,10.810713,7,topic-transformer,alpha=1,2
10.509164,5.447956,7,topic-transformer,alpha=1,2
7.1454697,11.681776,7,topic-transformer,alpha=1,2
3.3509722,11.092291,7,topic-transformer,alpha=1,2
7.3702407,7.407312,5,topic-transformer,alpha=1,2
10.502276,6.410151,7,topic-transformer,alpha=1,2
9.615929,6.457464,5,topic-transformer,alpha=1,2
-3.5612824,3.8051128,4,topic-transformer,alpha=1,2
11.037425,3.2130792,9,topic-transformer,alpha=1,2
-1.3665644,4.594062,4,topic-transformer,alpha=1,2
3.996059,10.171647,6,topic-transformer,alpha=1,2
-7.9632387,8.772459,1,topic-transformer,alpha=1,2
7.19477,7.8162155,0,topic-transformer,alpha=1,2
6.8541703,7.3614373,4,topic-transformer,alpha=1,2
-7.9757833,9.153825,1,topic-transformer,alpha=1,2
10.688912,5.236859,7,topic-transformer,alpha=1,2
6.742903,7.5515866,6,topic-transformer,alpha=1,2
-0.33151436,5.288522,2,topic-transformer,alpha=1,2
-7.5634656,11.083596,1,topic-transformer,alpha=1,2
10.803402,5.17758,0,topic-transformer,alpha=1,2
6.088036,7.3149385,2,topic-transformer,alpha=1,2
5.90204,12.651378,7,topic-transformer,alpha=1,2
9.637895,8.177213,7,topic-transformer,alpha=1,2
-2.4762287,3.9319599,4,topic-transformer,alpha=1,2
7.7011986,11.191975,7,topic-transformer,alpha=1,2
6.3747725,12.47545,7,topic-transformer,alpha=1,2
-7.875953,9.704848,1,topic-transformer,alpha=1,2
1.977204,9.191213,7,topic-transformer,alpha=1,2
-2.389099,4.4646187,2,topic-transformer,alpha=1,2
13.065668,1.9045818,9,topic-transformer,alpha=1,2
7.566944,11.244531,7,topic-transformer,alpha=1,2
-7.976441,9.13205,1,topic-transformer,alpha=1,2
10.554755,6.2632794,0,topic-transformer,alpha=1,2
11.00709,3.5578506,9,topic-transformer,alpha=1,2
7.92252,10.852224,0,topic-transformer,alpha=1,2
1.5452635,8.551486,8,topic-transformer,alpha=1,2
13.307255,1.7598087,9,topic-transformer,alpha=1,2
3.9436357,10.088494,6,topic-transformer,alpha=1,2
13.416444,1.7480375,9,topic-transformer,alpha=1,2
2.0467412,9.29309,7,topic-transformer,alpha=1,2
-0.9909168,4.734533,4,topic-transformer,alpha=1,2
10.785318,5.0451455,0,topic-transformer,alpha=1,2
-0.6947923,4.87112,2,topic-transformer,alpha=1,2
10.87563,2.892693,0,topic-transformer,alpha=1,2
4.0698977,11.654159,7,topic-transformer,alpha=1,2
7.274565,8.270714,5,topic-transformer,alpha=1,2
7.937383,10.910252,7,topic-transformer,alpha=1,2
-7.4852085,10.915497,1,topic-transformer,alpha=1,2
-1.696721,4.4523177,2,topic-transformer,alpha=1,2
-3.9971263,3.9489286,4,topic-transformer,alpha=1,2
7.2704644,11.490401,7,topic-transformer,alpha=1,2
-7.5761757,10.577917,1,topic-transformer,alpha=1,2
3.757914,10.417626,0,topic-transformer,alpha=1,2
10.494641,7.106449,7,topic-transformer,alpha=1,2
2.2043025,9.478108,7,topic-transformer,alpha=1,2
-3.5106335,3.8540285,4,topic-transformer,alpha=1,2
2.9431546,10.406725,7,topic-transformer,alpha=1,2
-0.5605718,5.1742845,5,topic-transformer,alpha=1,2
-7.4638524,10.879884,1,topic-transformer,alpha=1,2
-1.433381,4.565584,4,topic-transformer,alpha=1,2
10.3299675,6.925138,7,topic-transformer,alpha=1,2
-7.8380327,9.029873,1,topic-transformer,alpha=1,2
3.0708377,10.481245,0,topic-transformer,alpha=1,2
5.000241,12.185239,7,topic-transformer,alpha=1,2
5.9204135,12.589961,7,topic-transformer,alpha=1,2
5.608971,7.046024,2,topic-transformer,alpha=1,2
-7.8599787,9.197752,1,topic-transformer,alpha=1,2
6.3209496,7.673802,2,topic-transformer,alpha=1,2
2.2845683,9.549554,8,topic-transformer,alpha=1,2
-7.5085692,11.123197,1,topic-transformer,alpha=1,2
1.8931189,9.002288,8,topic-transformer,alpha=1,2
7.133292,8.307412,2,topic-transformer,alpha=1,2
9.399305,7.4462724,5,topic-transformer,alpha=1,2
0.8237188,-1.4114114,3,topic-transformer,alpha=1,2
4.6399355,9.682725,6,topic-transformer,alpha=1,2
-3.7723713,3.8928163,5,topic-transformer,alpha=1,2
7.192766,7.499492,5,topic-transformer,alpha=1,2
12.241215,2.4082143,9,topic-transformer,alpha=1,2
7.1277742,7.5394187,5,topic-transformer,alpha=1,2
6.88618,7.3699083,9,topic-transformer,alpha=1,2
8.088558,7.7559857,0,topic-transformer,alpha=1,2
-7.9195423,9.510133,1,topic-transformer,alpha=1,2
6.5680537,11.690646,0,topic-transformer,alpha=1,2
-3.3948874,3.8285458,4,topic-transformer,alpha=1,2
4.4866934,9.776219,6,topic-transformer,alpha=1,2
10.37611,6.3178067,5,topic-transformer,alpha=1,2
12.05696,2.7748904,6,topic-transformer,alpha=1,2
12.812907,2.0423756,9,topic-transformer,alpha=1,2
5.902545,7.3521614,6,topic-transformer,alpha=1,2
1.405671,7.196637,8,topic-transformer,alpha=1,2
7.253536,11.423514,0,topic-transformer,alpha=1,2
0.7882551,-1.3708122,3,topic-transformer,alpha=1,2
12.589175,2.183704,9,topic-transformer,alpha=1,2
6.296372,7.3598146,2,topic-transformer,alpha=1,2
2.5695503,9.884428,7,topic-transformer,alpha=1,2
11.788263,3.7208576,6,topic-transformer,alpha=1,2
-2.3944154,4.578014,2,topic-transformer,alpha=1,2
5.7729545,12.677056,7,topic-transformer,alpha=1,2
11.00873,3.0749235,9,topic-transformer,alpha=1,2
5.433002,12.635558,7,topic-transformer,alpha=1,2
-7.828292,9.335722,1,topic-transformer,alpha=1,2
2.3912833,9.702214,7,topic-transformer,alpha=1,2
10.348612,5.8334823,0,topic-transformer,alpha=1,2
3.142762,10.377635,0,topic-transformer,alpha=1,2
-1.9369481,4.180362,4,topic-transformer,alpha=1,2
5.2065263,12.548332,5,topic-transformer,alpha=1,2
7.7009797,7.5216327,5,topic-transformer,alpha=1,2
10.818138,4.884687,0,topic-transformer,alpha=1,2
-3.8750641,3.9000895,4,topic-transformer,alpha=1,2
3.9215372,11.484725,0,topic-transformer,alpha=1,2
12.407952,2.2824252,9,topic-transformer,alpha=1,2
2.2226346,9.514885,7,topic-transformer,alpha=1,2
1.0322776,7.960338,8,topic-transformer,alpha=1,2
-0.78694254,4.763216,4,topic-transformer,alpha=1,2
5.2900968,12.523751,5,topic-transformer,alpha=1,2
3.4690099,11.176266,7,topic-transformer,alpha=1,2
-7.6521254,10.478666,1,topic-transformer,alpha=1,2
11.277972,3.970952,6,topic-transformer,alpha=1,2
3.3993924,10.467478,0,topic-transformer,alpha=1,2
-1.4351312,4.5716553,4,topic-transformer,alpha=1,2
-7.9344583,8.911628,1,topic-transformer,alpha=1,2
9.964254,7.814491,0,topic-transformer,alpha=1,2
9.455335,7.2628884,5,topic-transformer,alpha=1,2
10.923038,3.3949342,9,topic-transformer,alpha=1,2
13.90869,1.5500425,9,topic-transformer,alpha=1,2
-0.47213143,5.149177,2,topic-transformer,alpha=1,2
9.574035,8.2818775,7,topic-transformer,alpha=1,2
13.785967,1.6446391,9,topic-transformer,alpha=1,2
0.8219474,-1.4092891,3,topic-transformer,alpha=1,2
8.011627,7.6815476,5,topic-transformer,alpha=1,2
-8.004258,8.958533,1,topic-transformer,alpha=1,2
3.0400767,10.645302,7,topic-transformer,alpha=1,2
4.0731573,11.027936,0,topic-transformer,alpha=1,2
10.139698,7.080517,7,topic-transformer,alpha=1,2
6.937029,12.035028,7,topic-transformer,alpha=1,2
10.4083185,6.7092757,0,topic-transformer,alpha=1,2
1.6713269,6.628782,8,topic-transformer,alpha=1,2
10.98798,3.106574,9,topic-transformer,alpha=1,2
7.244217,11.416149,7,topic-transformer,alpha=1,2
7.161804,11.504764,0,topic-transformer,alpha=1,2
3.9020119,10.485509,0,topic-transformer,alpha=1,2
-7.6952524,10.443167,1,topic-transformer,alpha=1,2
9.452776,6.542267,0,topic-transformer,alpha=1,2
-7.6112447,11.03249,1,topic-transformer,alpha=1,2
3.9907339,11.114211,7,topic-transformer,alpha=1,2
1.3908902,7.271875,8,topic-transformer,alpha=1,2
12.239304,2.4592369,6,topic-transformer,alpha=1,2
10.68551,5.081462,7,topic-transformer,alpha=1,2
2.2281747,9.514534,7,topic-transformer,alpha=1,2
10.509764,5.320861,5,topic-transformer,alpha=1,2
6.958586,11.580221,0,topic-transformer,alpha=1,2
12.667759,2.1259587,9,topic-transformer,alpha=1,2
9.727202,7.9896255,7,topic-transformer,alpha=1,2
7.116655,11.798674,7,topic-transformer,alpha=1,2
9.630389,7.358728,2,topic-transformer,alpha=1,2
-0.62984085,4.9754257,5,topic-transformer,alpha=1,2
6.373188,7.708745,5,topic-transformer,alpha=1,2
-7.8184733,9.896575,1,topic-transformer,alpha=1,2
3.2570362,10.989829,7,topic-transformer,alpha=1,2
2.706284,10.069831,7,topic-transformer,alpha=1,2
10.315693,6.5775275,0,topic-transformer,alpha=1,2
3.192844,10.700582,7,topic-transformer,alpha=1,2
7.439569,7.9555864,5,topic-transformer,alpha=1,2
5.7073917,7.115261,2,topic-transformer,alpha=1,2
-7.8610077,9.72012,1,topic-transformer,alpha=1,2
10.903803,2.9460075,9,topic-transformer,alpha=1,2
10.146204,7.695809,0,topic-transformer,alpha=1,2
-3.5866153,3.8545477,4,topic-transformer,alpha=1,2
-1.4465299,4.555561,5,topic-transformer,alpha=1,2
7.0229287,8.149484,5,topic-transformer,alpha=1,2
6.2552166,7.2818937,2,topic-transformer,alpha=1,2
3.7162845,10.265839,0,topic-transformer,alpha=1,2
7.037348,11.547737,0,topic-transformer,alpha=1,2
3.37322,10.782182,7,topic-transformer,alpha=1,2
12.654232,2.1360104,9,topic-transformer,alpha=1,2
-3.329351,3.885939,4,topic-transformer,alpha=1,2
0.74549645,-1.3250628,3,topic-transformer,alpha=1,2
6.0898843,7.3570514,2,topic-transformer,alpha=1,2
-2.528437,3.9568448,4,topic-transformer,alpha=1,2
10.031684,7.0549374,5,topic-transformer,alpha=1,2
-3.1634727,3.8462753,4,topic-transformer,alpha=1,2
5.9002004,12.595449,7,topic-transformer,alpha=1,2
1.6306534,6.69804,3,topic-transformer,alpha=1,2
10.05602,7.0234647,5,topic-transformer,alpha=1,2
-7.6568956,10.501754,1,topic-transformer,alpha=1,2
13.426982,1.6744257,9,topic-transformer,alpha=1,2
-2.4216835,4.5637054,2,topic-transformer,alpha=1,2
3.0785358,10.299955,7,topic-transformer,alpha=1,2
-7.979949,9.241566,1,topic-transformer,alpha=1,2
11.400387,2.7998793,9,topic-transformer,alpha=1,2
0.9408134,8.124202,8,topic-transformer,alpha=1,2
-0.7865484,4.904897,2,topic-transformer,alpha=1,2
13.287562,1.6820354,9,topic-transformer,alpha=1,2
0.85254157,8.088285,6,topic-transformer,alpha=1,2
5.855117,12.529708,7,topic-transformer,alpha=1,2
7.16999,8.033576,5,topic-transformer,alpha=1,2
12.142591,2.4340792,9,topic-transformer,alpha=1,2
9.551516,7.896076,7,topic-transformer,alpha=1,2
9.653021,8.199229,7,topic-transformer,alpha=1,2
5.509542,7.000976,2,topic-transformer,alpha=1,2
1.4658844,7.0107765,8,topic-transformer,alpha=1,2
6.4241366,7.318522,5,topic-transformer,alpha=1,2
7.7540193,11.099879,7,topic-transformer,alpha=1,2
-7.785888,10.009662,1,topic-transformer,alpha=1,2
1.9979322,9.25291,7,topic-transformer,alpha=1,2
10.166172,7.5676193,9,topic-transformer,alpha=1,2
10.916444,4.3785896,9,topic-transformer,alpha=1,2
10.947724,4.2450156,9,topic-transformer,alpha=1,2
6.800986,12.197365,7,topic-transformer,alpha=1,2
1.6626434,6.661961,8,topic-transformer,alpha=1,2
10.288087,6.4463573,0,topic-transformer,alpha=1,2
2.9542537,10.428813,7,topic-transformer,alpha=1,2
1.4425201,7.224896,8,topic-transformer,alpha=1,2
4.771002,12.111459,7,topic-transformer,alpha=1,2
6.3562403,7.308653,4,topic-transformer,alpha=1,2
10.615827,6.898809,0,topic-transformer,alpha=1,2
4.40076,9.816584,6,topic-transformer,alpha=1,2
0.7739091,-1.3510009,3,topic-transformer,alpha=1,2
13.801934,1.6457961,9,topic-transformer,alpha=1,2
13.621316,1.7655274,9,topic-transformer,alpha=1,2
8.0499,10.761825,0,topic-transformer,alpha=1,2
13.094662,1.8704152,6,topic-transformer,alpha=1,2
6.3993807,7.2674885,2,topic-transformer,alpha=1,2
4.3620677,11.755891,0,topic-transformer,alpha=1,2
-0.84041905,4.878406,2,topic-transformer,alpha=1,2
10.932234,3.0801103,9,topic-transformer,alpha=1,2
10.5128,7.054801,0,topic-transformer,alpha=1,2
-7.4880385,10.731728,1,topic-transformer,alpha=1,2
-0.761151,4.795074,4,topic-transformer,alpha=1,2
9.697994,8.152598,7,topic-transformer,alpha=1,2
7.739587,7.657237,4,topic-transformer,alpha=1,2
-7.929174,9.204962,1,topic-transformer,alpha=1,2
-3.0826557,3.9485447,4,topic-transformer,alpha=1,2
10.994079,3.1100683,6,topic-transformer,alpha=1,2
12.525954,2.3277702,6,topic-transformer,alpha=1,2
10.271839,7.2825775,0,topic-transformer,alpha=1,2
3.9147544,11.413227,7,topic-transformer,alpha=1,2
7.8406844,10.99142,7,topic-transformer,alpha=1,2
4.069099,11.486407,7,topic-transformer,alpha=1,2
5.7576632,12.59993,7,topic-transformer,alpha=1,2
10.906829,3.0162513,9,topic-transformer,alpha=1,2
5.305104,12.568027,5,topic-transformer,alpha=1,2
-2.2077568,4.051349,5,topic-transformer,alpha=1,2
0.9459267,8.089487,3,topic-transformer,alpha=1,2
1.8272814,8.909567,8,topic-transformer,alpha=1,2
-7.3964443,10.765189,1,topic-transformer,alpha=1,2
0.8515121,-1.4379219,3,topic-transformer,alpha=1,2
1.3752092,7.122616,8,topic-transformer,alpha=1,2
-7.456156,10.728249,1,topic-transformer,alpha=1,2
11.95845,2.5815606,9,topic-transformer,alpha=1,2
-8.024269,8.838656,1,topic-transformer,alpha=1,2
10.916115,2.8051782,5,topic-transformer,alpha=1,2
3.7058506,11.354167,7,topic-transformer,alpha=1,2
1.901152,9.020724,8,topic-transformer,alpha=1,2
-2.1037045,4.102023,4,topic-transformer,alpha=1,2
0.85359055,-1.438034,3,topic-transformer,alpha=1,2
-3.747147,3.889843,4,topic-transformer,alpha=1,2
1.3196688,7.3189096,8,topic-transformer,alpha=1,2
6.61343,7.383227,5,topic-transformer,alpha=1,2
6.555529,7.504063,4,topic-transformer,alpha=1,2
6.565833,12.378304,7,topic-transformer,alpha=1,2
4.311447,11.322428,0,topic-transformer,alpha=1,2
7.430614,7.3996234,5,topic-transformer,alpha=1,2
1.6645541,6.755056,8,topic-transformer,alpha=1,2
-7.4118195,10.8104315,1,topic-transformer,alpha=1,2
5.724739,12.776208,7,topic-transformer,alpha=1,2
-7.490456,10.671601,1,topic-transformer,alpha=1,2
10.934756,3.7049065,9,topic-transformer,alpha=1,2
10.664286,5.120508,7,topic-transformer,alpha=1,2
2.7082615,10.084963,7,topic-transformer,alpha=1,2
7.4771743,7.340403,9,topic-transformer,alpha=1,2
-3.970088,3.9620168,4,topic-transformer,alpha=1,2
9.562815,6.6157703,5,topic-transformer,alpha=1,2
-7.513172,11.045696,1,topic-transformer,alpha=1,2
6.619674,7.3334513,4,topic-transformer,alpha=1,2
1.7728484,8.828399,8,topic-transformer,alpha=1,2
10.92731,4.382038,0,topic-transformer,alpha=1,2
7.1402006,11.597591,0,topic-transformer,alpha=1,2
11.144496,2.8226829,0,topic-transformer,alpha=1,2
10.1434555,7.2287955,7,topic-transformer,alpha=1,2
-7.9872675,9.371426,1,topic-transformer,alpha=1,2
6.1315403,7.268625,2,topic-transformer,alpha=1,2
9.810463,7.9465923,7,topic-transformer,alpha=1,2
-2.4341183,3.9811223,4,topic-transformer,alpha=1,2
-3.4141083,3.972411,5,topic-transformer,alpha=1,2
6.349267,12.513795,5,topic-transformer,alpha=1,2
6.286357,7.801029,5,topic-transformer,alpha=1,2
10.417325,5.539998,5,topic-transformer,alpha=1,2
6.3595066,12.3573065,0,topic-transformer,alpha=1,2
10.668149,5.7560563,0,topic-transformer,alpha=1,2
0.9238406,8.220666,6,topic-transformer,alpha=1,2
7.1478887,8.515835,5,topic-transformer,alpha=1,2
-0.66325074,5.1665425,2,topic-transformer,alpha=1,2
-2.7067258,3.9495454,4,topic-transformer,alpha=1,2
-7.533942,10.811218,1,topic-transformer,alpha=1,2
5.8259454,12.667052,7,topic-transformer,alpha=1,2
9.642778,7.5433264,7,topic-transformer,alpha=1,2
1.3979663,7.0151772,8,topic-transformer,alpha=1,2
10.485087,6.78887,0,topic-transformer,alpha=1,2
10.789604,4.799933,0,topic-transformer,alpha=1,2
-3.8777945,3.8809304,4,topic-transformer,alpha=1,2
11.777787,3.7512858,6,topic-transformer,alpha=1,2
13.408233,1.6936275,9,topic-transformer,alpha=1,2
4.5699754,9.726392,6,topic-transformer,alpha=1,2
-3.0434887,3.982513,5,topic-transformer,alpha=1,2
5.952496,12.442532,0,topic-transformer,alpha=1,2
0.8427742,8.071753,6,topic-transformer,alpha=1,2
8.027046,10.779647,7,topic-transformer,alpha=1,2
-1.7281733,4.3222027,4,topic-transformer,alpha=1,2
0.90188897,-1.4932042,3,topic-transformer,alpha=1,2
-0.6510271,5.0099688,2,topic-transformer,alpha=1,2
4.8265557,12.310918,7,topic-transformer,alpha=1,2
7.870734,10.951192,7,topic-transformer,alpha=1,2
7.1348367,8.076276,6,topic-transformer,alpha=1,2
